wave,start_date,end_date
1,2020-04-30,2020-05-06
2,2020-05-14,2020-05-21
3,2020-05-28,2020-06-04
4,2020-06-11,2020-06-22
5,2020-06-26,2020-07-01
6,2020-07-09,2020-07-16
7,2020-07-24,2020-07-29
8,2020-08-07,2020-08-11
9,2020-09-04,2020-09-09
10,2020-09-30,2020-10-05
11,2020-10-14,2020-10-21
12,2020-10-29,2020-11-03
13,2020-11-05,2020-11-10
14,2020-11-25,2020-11-30
15,2020-12-09,2020-12-15
16,2020-12-23,2020-12-30
17,2021-01-28,2021-02-02
18,2021-02-24,2021-03-03
19,2021-03-17,2021-03-26
20,2021-04-07,2021-04-15
21,2021-05-12,2021-05-24
22,2021-05-26,2021-06-03
23,2021-06-09,2021-06-22
24,2021-07-07,2021-07-19
25,2021-08-04,2021-08-13
26,2021-09-01,2021-09-14
27,2021-09-22,2021-10-06
28,2021-10-08,2021-10-20
29,2021-10-22,2021-11-02
30,2021-11-03,2021-11-09
31,2021-11-17,2021-11-23
32,2021-12-08,2021-12-17
33,2021-12-24,2021-12-31
